X,Y,objectid,locid,facility_c,date,est_area
-80.239910188,40.5051158090001,1,PIT,"Delta Air Lines; United Parcel Service",09/2018,74000
-80.237486084,40.5044404540001,2,PIT,Federal Express,09/2018,73000
-80.2342178389999,40.504221011,3,PIT, ,09/2018,65000
-80.219726898,40.4960064650001,4,PIT, ,09/2018,55000
-78.776205289,35.8898124510001,5,RDU,Federal Express,09/2018,63000
-78.77992804,35.8869223460001,6,RDU, ,09/2018,8000
-78.778066628,35.8884378600001,7,RDU,United Parcel Service,09/2018,36000
-89.1040871129999,42.201018622,8,RFD,United Parcel Service,09/2018,539000
-89.107057815,42.1993948360001,9,RFD, ,09/2018,72000
-89.100137822,42.201626247,10,RFD, ,09/2018,20000
-77.335754045,37.502826956,11,RIC,Federal Express,09/2018,18000
-119.775159688,39.510092576,12,RNO,"Alaska Airlines; DHL Airlines; United Parcel Service",09/2018,56000
-117.187793202,32.7381396110001,13,SAN,Federal Express,09/2018,18000
-98.457501835,29.5310940300001,14,SAT,DHL Airlines,09/2018,20000
-98.456753347,29.5322296370001,15,SAT, ,09/2018,33000
-85.7489182099999,38.1775223980001,16,SDF,Federal Express,09/2018,104000
-85.752235642,38.1780608980001,17,SDF,United Parcel Service,09/2018,67000
-85.7523499759999,38.177089691,18,SDF, ,09/2018,28000
-85.750923078,38.176695394,19,SDF,"Midwest Airlines; Pace Airlines",09/2018,82000
-85.750077995,38.1760214920001,20,SDF,Alside Supply Center,09/2018,41000
-85.726217122,38.1842250730001,21,SDF,Ameriflight,09/2018,60000
-85.734157034,38.1566028920001,22,SDF,United Parcel Service,09/2018,688000
-85.734329488,38.1700850020001,23,SDF,United Parcel Service,09/2018,4994000
-85.7447197989999,38.183805555,24,SDF,"Derby City Trucking; Worldwide Flight Services",09/2018,69000
-122.300550801,47.4603151420001,25,SEA,Federal Express,09/2018,84000
-122.301072514,47.4593888950001,26,SEA,"Accelerated Global Logistics, LLC; Raymond Express International",09/2018,33000
-122.302283907,47.4584894280001,27,SEA,Emirates,09/2018,45000
-122.301129745,47.458475579,28,SEA,United Parcel Service,09/2018,21000
-122.303358276,47.4555972900001,29,SEA,Worldwide Flight Services,09/2018,45000
-122.301615948,47.4567974980001,30,SEA,Alaska Airlines,09/2018,66000
-122.303022533,47.4642481020001,31,SEA,US Airways,09/2018,59000
-122.30155959,47.463971837,32,SEA, ,09/2018,29000
-122.300923815,47.463970375,33,SEA,Federal Express,09/2018,29000
-122.29986727,47.463961355,34,SEA,Matheson Flight Extenders,09/2018,27000
-122.300839515,47.4631145230001,35,SEA,"DHL Airlines; Hanjin Global Logistics; Integrated Airline Services; Korean Air Lines",09/2018,84000
-122.302834379,47.4528775630001,36,SEA,"China Airlines; Martinair Holland; Swissport Cargo Services",09/2018,54000
-122.299133808,47.4351733820001,37,SEA,Delta Air Lines,09/2018,65000
-122.389717687,37.6359841610001,38,SFO,American Airlines,09/2018,82000
-122.38772581,37.6374648390001,39,SFO,"Alaska Airlines; All Nippon Airways; Lufthansa German Airlines; Taca International Airlines Cargo",09/2018,216000
-122.396680659,37.616788958,40,SFO,United Air Lines,09/2018,155000
-122.398063173,37.6192800090001,41,SFO,Southwest Airlines,09/2018,76000
-122.398737959,37.620971082,42,SFO,"Air Canada; Delta Air Lines; EVA Airways; Servisair",09/2018,86000
-122.395674459,37.6219225500001,43,SFO,Swiss World Airways,09/2018,75000
-122.394777307,37.624258039,44,SFO,"Asiana Airlines; China Airlines; Japan Air Lines; Virgin Atlantic Airways",09/2018,107000
-65.9937925409999,18.4379213390001,45,SJU,"Cargo Service Corp; Federal Express; GMD Airline Services; United Air Lines",09/2018,98000
-65.99184808,18.437531295,46,SJU,"Carico, Inc.",09/2018,166000
-65.996584926,18.4379838940001,47,SJU,American Airlines,09/2018,109000
-121.595943955,38.6904827980001,48,SLC,"Alaska Airlines; Federal Express; Southwest Airlines",09/2018,33000
-90.348858342,38.749494484,49,STL,"Federal Express; Forward Air",09/2018,141000
-82.5198887399999,27.9757861940001,50,TPA,Federal Express,09/2018,92000
-82.521440473,27.9839852490001,51,TPA,"Air General; British Airways; Continental Air Lines; Delta Air Lines",09/2018,87000
-101.833914431,33.674491989,52,LBB, ,07/2018,24000
-101.833925084,33.673283618,53,LBB,Federal Express,07/2018,35000
-82.920327336,39.828641238,54,LCK, ,07/2018,53000
-82.920861386,39.827064509,55,LCK, ,07/2018,100000
-82.92587119,39.823274638,56,LCK,Federal Express,07/2018,256000
-82.9299337159999,39.822076361,57,LCK,Worldwide Flight Services,07/2018,40000
-71.443506504,42.92286691,58,MHT,United Parcel Service,07/2018,25000
-71.44036055,42.9233102420001,59,MHT,"Southwest Airlines; United Parcel Service",07/2018,25000
-71.4381339079999,42.9236970150001,60,MHT,Federal Express,07/2018,21000
-87.907642128,42.9444165730001,61,MKE,United States Postal Service,07/2018,28000
-87.9123724569999,42.9440166090001,62,MKE,"Custom Express; Federal Express; Jung Express; Southwest Airlines",07/2018,126000
-87.915122638,42.9433230180001,63,MKE,United Parcel Service,07/2018,38000
-94.7149298159999,39.3218587430001,64,MCI,Federal Express,07/2018,97000
-94.715243433,39.3207597690001,65,MCI, ,07/2018,14000
-94.71578396,39.317575483,66,MCI,"Delta Air Lines; Midwest Airlines; Southwest Airlines",07/2018,72000
-94.7189712269999,39.309196974,67,MCI, ,07/2018,63000
-94.7194589979999,39.306511503,68,MCI,American Airlines,07/2018,55000
-94.720660524,39.30441312,69,MCI,United States Postal Service,07/2018,68000
-82.9400891189999,39.816533964,70,LCK,United Parcel Service,07/2018,60000
-81.332004145,28.4366397420001,71,MCO,Delta Air Lines,07/2018,53000
-81.331973605,28.429602345,72,MCO,"Air France-KLM; Air General; United Air Lines",07/2018,42000
-81.33192743,28.4278811020001,73,MCO,"Capital Cargo International; DHL Airlines; Quantum Aviation",07/2018,59000
-81.334993058,28.4154822950001,74,MCO,Federal Express,07/2018,123000
-81.317033524,28.440482656,75,MCO,Southwest Airlines,07/2018,39000
-81.315652937,28.4404951120001,76,MCO,Lufthansa German Airlines,07/2018,39000
-81.33294356,28.431062329,77,MCO,USDA,07/2018,51000
-93.2450377919999,44.8767205170001,78,MSP,DHL Airlines,07/2018,25000
-93.242646527,44.8745850240001,79,MSP,Sun Country Airlines,07/2018,93000
-93.224320184,44.8703865470001,80,MSP,Delta Air Lines,07/2018,105000
-93.2330679409999,44.8798016580001,81,MSP,United Parcel Service,07/2018,66000
-93.232191191,44.8827228100001,82,MSP,Federal Express,07/2018,205000
-122.610271632,45.5785198630001,83,PDX,Federal Express,07/2018,98000
-122.607590312,45.5780502790001,84,PDX,Matheson Flight Extenders,07/2018,109000
-122.607010579,45.5809494470001,85,PDX,Hanjin Global Logistics,07/2018,46000
-122.609300399,45.5817775740001,86,PDX,"DHL Airlines; Quantem Aviation",07/2018,90000
-122.608877684,45.5833297030001,87,PDX,United Parcel Service,07/2018,35000
-122.607083633,45.5850126540001,88,PDX,United Parcel Service,07/2018,8000
-122.604082329,45.5851679190001,89,PDX,AmeriFlight,07/2018,16000
-122.579469836,45.582633318,90,PDX,"ATS; Alaska Airlines; Delta Air Lines; Hawaiian Airlines; Horizon Air Cargo; United Air Lines",07/2018,95000
-112.022521563,33.4344009320001,91,PHX, ,07/2018,61000
-112.02342469,33.4343809800001,92,PHX,"Swissport Cargo Services; United Air Lines",07/2018,63000
-112.025302278,33.4350160880001,93,PHX,"Delta Air Lines; Southwest Airlines",07/2018,96000
-112.02042736,33.4241779290001,94,PHX,AmeriFlight,07/2018,37000
-112.015774013,33.4246646780001,95,PHX,Federal Express,07/2018,182000
-75.256323706,39.858494583,96,PHL,United Parcel Service,07/2018,37000
-75.253068453,39.859917436,97,PHL,United Parcel Service,07/2018,695000
-75.247557276,39.861253204,98,PHL, ,07/2018,68000
-75.2562200949999,39.872413748,99,PHL,Southwest Airlines,07/2018,83000
-75.258774514,39.8717610680001,100,PHL,American Airlines,07/2018,56000
-75.260573355,39.8714429350001,101,PHL,"Lufthansa Cargo; United Air Lines",07/2018,72000
-75.264229094,39.8710232330001,102,PHL,American Airlines,07/2018,149000
-75.26614248,39.8711101870001,103,PHL,"Alaska Airlines; Delta Air Lines; Federal Express",07/2018,93000
-75.266992476,39.871056851,104,PHL, ,07/2018,78000
-75.2691427889999,39.870837038,105,PHL, ,07/2018,210000
-122.219383433,37.7188286620001,106,OAK,Federal Express,07/2018,292000
-122.218292166,37.7207320050001,107,OAK, ,07/2018,39000
-122.216857237,37.719361673,108,OAK, ,07/2018,29000
-122.2158115,37.715547686,109,OAK,"Southwest Airlines; United Parcel Service",07/2018,85000
-122.219561969,37.7392312430001,110,OAK,DHL Airlines,07/2018,48000
-117.618464328,34.059597947,111,ONT,"Delta Air Lines; Southwest Airlines",07/2018,150000
-117.582890166,34.0511608410001,112,ONT,United Parcel Service,07/2018,48000
-117.613690313,34.0520769170001,113,ONT,Federal Express,07/2018,37000
-87.924324229,41.9624912450001,114,ORD,Federal Express,07/2018,179000
-87.918262542,41.962392687,115,ORD,United Air Lines,07/2018,235000
-87.914156699,41.963580698,116,ORD,Federal Express,07/2018,132000
-87.910408022,41.963602861,117,ORD,"Delta Air Lines; Nippon Air Cargo",07/2018,150000
-87.913831113,41.9606635480001,118,ORD,"Air France-KLM; Lufthansa German Airlines; Swiss World Cargo",07/2018,233000
-87.906432791,41.960892464,119,ORD,American Airlines,07/2018,117000
-87.909020304,41.9599190910001,120,ORD,"Aeromexpress; Hainan Airlines; Swissport Cargo Services",07/2018,98000
-87.908921285,41.960972182,121,ORD,United Parcel Service,07/2018,16000
-87.880792505,41.974290007,122,ORD, ,07/2018,149000
-80.304120769,25.8056918340001,123,MIA,United Parcel Service,07/2018,134000
-80.3012992929999,25.806272764,124,MIA,United Parcel Service,07/2018,36000
-80.295656718,25.8057736690001,125,MIA,Federal Express,07/2018,119000
-80.294321801,25.791776989,126,MIA,"Amerijet International; DHL Airlines; Lufthansa German Airlines; Qatar Airways; Taca International Airlines Cargo; Virgin Atlantic Airways",07/2018,370000
-80.295761591,25.7902703880001,127,MIA,American Airlines,07/2018,221000
-80.299689583,25.7923452250001,128,MIA, ,07/2018,127000
-80.29970876,25.7904257370001,129,MIA,"ABX Air; Caribbean Airlines; Strategic Air Services",07/2018,108000
-80.302760862,25.7922826510001,130,MIA,LATAM Group,07/2018,353000
-80.305623606,25.792989558,131,MIA,"Air France-KLM; Asiana Airlines; Cargolux Airlines International S.A.; Delta Air Lines; Swissport Cargo Services; Tampa Cargo",07/2018,455000
-89.967889761,35.0471032090001,132,MEM,United Parcel Service,07/2018,457000
-89.9796718009999,35.0490752010001,133,MEM,Southwest Airlines,07/2018,41000
-89.979478595,35.050491675,134,MEM,Delta Air Lines,07/2018,45000
-89.964778989,35.0617826170001,135,MEM,Federal Express,07/2018,2800000
-89.966799854,35.0355449780001,136,MEM,ATI,07/2018,37000
-81.3331329069999,28.4352481710001,137,MCO, ,07/2018,35000
-81.331978759,28.4349636750001,138,MCO,US Customs and Border Patrol,07/2018,23000
-81.335539553,28.4433796480001,139,MCO,AFCO Cargo,07/2018,39000
-81.336308817,28.4437983650001,140,MCO,AFCO Cargo,07/2018,11000
-81.332331154,28.4340910540001,141,MCO,US Customs and Border Patrol,07/2018,11000
-81.3331080729999,28.427506158,142,MCO,Adacel Systems,07/2018,56000
-81.331238587,28.416687193,143,MCO,United States Postal Service,07/2018,245000
-81.3302653109999,28.4156370360001,144,MCO,United States Postal Service,07/2018,82000
-81.330870021,28.4151422210001,145,MCO,United States Postal Service,07/2018,14000
-81.2990711959999,28.440905135,146,MCO,Delta Air Lines,07/2018,99000
-82.931560385,39.821960937,147,LCK, ,07/2018,67000
-82.931662736,39.8202125010001,148,LCK, ,07/2018,58000
-82.9410802149999,39.817444547,149,LCK, ,07/2018,29000
-82.920082408,39.830537721,150,LCK, ,07/2018,23000
-94.713931062,39.317629923,151,MCI,Forward Air,07/2018,89000
-89.9645426339999,35.0666030240001,152,MEM,Federal Express,07/2018,35000
-89.966773889,35.0654796860001,153,MEM,Federal Express,07/2018,55000
-89.960609136,35.0645334480001,154,MEM,Federal Express,07/2018,105000
-80.30549253,25.7952121880001,155,MIA, ,07/2018,128000
-80.304565811,25.7952102030001,156,MIA,Tap-Portuguese Airlines,07/2018,125000
-80.303474796,25.795274611,157,MIA,"British Airways; Laparkan Express",07/2018,102000
-80.2978831789999,25.805564351,158,MIA, ,07/2018,14000
-93.2403893489999,44.8655731810001,159,MSP,Southwest Airlines,07/2018,41000
-93.239454151,44.8655539220001,160,MSP,Air General,07/2018,44000
-93.202833203,44.879933787,161,MSP,United States Postal Service,07/2018,101000
-122.206722481,37.7279944220001,162,OAK, ,07/2018,22000
-122.20752034,37.7284349810001,163,OAK, ,07/2018,22000
-122.217651891,37.736730057,164,OAK, ,07/2018,81000
-117.578474807,34.047357149,165,ONT,United Parcel Service,07/2018,54000
-117.578853737,34.0466827990001,166,ONT,United Parcel Service,07/2018,32000
-117.582441275,34.045322775,167,ONT,United Parcel Service,07/2018,741000
-117.578803557,34.0441071060001,168,ONT,United Parcel Service,07/2018,31000
-117.587899979,34.0501367110001,169,ONT,United Parcel Service,07/2018,416000
-117.591207272,34.050136745,170,ONT, ,07/2018,613000
-87.892423949,41.993346263,171,ORD,"AirBridge Cargo Airlines; DHL Airlines; Korean Air Lines",07/2018,457000
-87.9231230679999,41.960343181,172,ORD, ,07/2018,21000
-87.90578154,41.9539720930001,173,ORD,United States Postal Service,07/2018,807000
-87.925580528,41.9895922860001,174,ORD, ,07/2018,60000
-87.924876376,41.988817044,175,ORD, ,07/2018,49000
-122.58192181,45.5835692250001,176,PDX,"ATS; Delta Air Lines; ELS; Peninsula Airways; United Air Lines",07/2018,59000
-122.583774784,45.583950293,177,PDX,United States Postal Service,07/2018,70000
-122.606581795,45.5830964080001,178,PDX,ASIC,07/2018,6000
-83.361295325,42.222008428,179,DTW,Federal Express,08/2018,62000
-83.358242091,42.226431532,180,DTW,DHL Airlines,08/2018,32000
-83.342914777,42.2346533750001,181,DTW,"Delta Air Lines; Swissport Cargo Services",08/2018,56000
-83.3444596749999,42.2234097210001,182,DTW,"Air General; Southwest Airlines",08/2018,22000
-83.339363352,42.2318577130001,183,DTW,Delta Air Lines,08/2018,53000
-83.335706995,42.208405451,184,DTW,United Parcel Service,08/2018,17000
-106.365445529,31.819244612,185,ELP,Federal Express,08/2018,143000
-106.369551405,31.8162772270001,186,ELP,"DHL Airlines; United Parcel Service",08/2018,141000
-106.376932146,31.79500905,187,ELP,United States Postal Service,08/2018,260000
-106.400818555,31.797153742,188,ELP,"American Airlines; Southwest Airlines; Swissport Cargo Services",08/2018,68000
-74.188249232,40.683787357,189,EWR,United States Postal Service,08/2018,43000
-74.188102095,40.682043068,190,EWR,United Parcel Service,08/2018,45000
-74.1844801249999,40.6764474440001,191,EWR,Federal Express,08/2018,213000
-74.184296058,40.6750119640001,192,EWR,Federal Express,08/2018,82000
-74.183202065,40.67949314,193,EWR,Federal Express,08/2018,164000
-74.164448454,40.7048577240001,194,EWR,Tap-Portuguese Airlines,08/2018,185000
-74.163747888,40.706937952,195,EWR,"American Airlines; Delta Air Lines",08/2018,70000
-74.176406422,40.705405936,196,EWR, ,08/2018,74000
-74.17358859,40.706718095,197,EWR,United Air Lines,08/2018,173000
-74.17209074,40.7069037100001,198,EWR, ,08/2018,56000
-74.17231994,40.705039324,199,EWR,"DHL Airlines; H&M International Transportation; Southwest Airlines",08/2018,123000
-80.165184316,26.080325943,200,FLL, ,08/2018,59000
-80.15662558,26.08066511,201,FLL,Federal Express,08/2018,14000
-80.155204919,26.08052336,202,FLL,Federal Express,08/2018,55000
-80.152009576,26.0810357710001,203,FLL, ,08/2018,6000
-80.152458229,26.0807631280001,204,FLL, ,08/2018,10000
-80.152469012,26.0804502280001,205,FLL, ,08/2018,10000
-80.14701309,26.080899077,206,FLL, ,08/2018,13000
-80.14737796,26.0807356510001,207,FLL, ,08/2018,10000
-80.148600039,26.0807684070001,208,FLL, ,08/2018,29000
-80.1496189109999,26.080691519,209,FLL,GB Express Exports,08/2018,23000
-80.148890621,26.0797334490001,210,FLL,"IBC Airways; Spirit Air Lines",08/2018,67000
-80.1413428129999,26.07896901,211,FLL,"Delta Air Lines; Southwest Airlines",08/2018,43000
-117.531873009,47.6278968280001,212,GEG,"Delta Air Lines; Southwest Airlines",08/2018,31000
-117.530575317,47.6276381340001,213,GEG,United Parcel Service,08/2018,2000
-117.529743783,47.628192175,214,GEG,Federal Express,08/2018,22000
-117.528562007,47.6290317740001,215,GEG,Federal Express,08/2018,16000
-117.515774263,47.6269937760001,216,GEG,United States Postal Service,08/2018,364000
-86.298712926,39.709309116,217,IND,"Alaska Airlines; American Airlines; Delta Air Lines; Southwest Airlines",12/2018,42000
-86.306804486,39.725595641,218,IND,United States Postal Service,12/2018,232000
-86.309185489,39.7250398480001,219,IND, ,12/2018,17000
-86.28394422,39.7360065130001,220,IND, ,12/2018,65000
-86.2711719769999,39.7148911680001,221,IND,Federal Express,12/2018,52000
-86.2777447779999,39.7153784380001,222,IND,Federal Express,12/2018,1499000
-86.285527496,39.7094369660001,223,IND,Federal Express,12/2018,42000
-81.683764658,30.4867843230001,224,JAX,"Delta Air Lines; Freedom Freight Services; Majestic Terminal Services",12/2018,50000
-81.683979666,30.4858006910001,225,JAX,United Parcel Service,12/2018,37000
-81.682605146,30.485707453,226,JAX,Federal Express,12/2018,113000
-81.679038352,30.484026226,227,JAX,Forward Air,12/2018,54000
-81.667394788,30.502512923,228,JAX,Southwest Airlines,12/2018,86000
-115.128763357,36.0835973100001,229,LAS,Korean Air Lines,12/2018,53000
-115.124731481,36.0825602640001,230,LAS,Federal Express,12/2018,85000
-115.124722405,36.080365822,231,LAS,"Alaska Airlines; Delta Air Lines; Southwest Airlines; United Parcel Service",12/2018,129000
-118.390713311,33.944217098,232,LAX,"British Airways; IAG Cargo",12/2018,149000
-118.391369311,33.943113817,233,LAX, ,12/2018,15000
-118.38734558,33.94442314,234,LAX,United Air Lines,12/2018,190000
-118.386171302,33.94290146,235,LAX,American Airlines,12/2018,108000
-118.384799018,33.9425485800001,236,LAX,"Cathay Pacific Airways; Mercury Air Cargo",12/2018,68000
-118.384589968,33.94443054,237,LAX, ,12/2018,175000
-118.382496287,33.9444097090001,238,LAX,"China Cargo Airlines; Virgin Atlantic Cargo",12/2018,154000
-118.381581855,33.9426302410001,239,LAX,Menzies Aviation,12/2018,65000
-118.380841864,33.9441821730001,240,LAX,American Airlines,12/2018,35000
-118.379709673,33.944265242,241,LAX,Southwest Airlines,12/2018,162000
-118.379628082,33.9354367180001,242,LAX,Swissport Cargo Services,12/2018,35000
-118.379668512,33.9345095890001,243,LAX,Delta Air Lines,12/2018,64000
-118.379594594,33.9330388830001,244,LAX,"China Airlines; China Southern Airlines",12/2018,46000
-118.380169355,33.9320125450001,245,LAX,Air France-KLM,12/2018,63000
-118.381969974,33.9320107570001,246,LAX,Air China,12/2018,115000
-118.382947211,33.933224313,247,LAX,Lufthansa German Airlines,12/2018,75000
-118.382976624,33.9343142180001,248,LAX,Polar Air Cargo Airways,12/2018,48000
-118.382937358,33.935143732,249,LAX,Hawaiian Airlines,12/2018,35000
-118.384087359,33.9347162070001,250,LAX,DHL Airlines,12/2018,46000
-118.384062701,33.932754887,251,LAX, ,12/2018,54000
-118.384531712,33.933624234,252,LAX, ,12/2018,19000
-118.387819588,33.9333596550001,253,LAX,Federal Express,12/2018,199000
-118.390326926,33.9325549070001,254,LAX,"EVA Airways; Mercury Air Cargo; Philippine Airlines",12/2018,181000
-118.393338375,33.9327646880001,255,LAX,Singapore Airlines,12/2018,56000
-118.392027216,33.9327675420001,256,LAX,Korean Air Lines,12/2018,136000
-118.401690547,33.9325054380001,257,LAX,Aloha Air Cargo,12/2018,77000
-118.403223968,33.932324701,258,LAX,Qantas Airways,12/2018,60000
-118.409829051,33.932275561,259,LAX,Aeromexico,12/2018,64000
-73.7689360219999,40.6513627350001,260,JFK, ,12/2018,88000
-73.7686729599999,40.653112843,261,JFK,United States Postal Service,12/2018,318000
-73.774859755,40.6538285180001,262,JFK,Emirates,12/2018,128000
-73.771597314,40.65502222,263,JFK, ,12/2018,59000
-73.773834097,40.657349751,264,JFK,"Air France-KLM; Alitalia; Icelandair",12/2018,153000
-73.77642678,40.6580088060001,265,JFK,American Airlines,12/2018,149000
-73.777963196,40.6585013120001,266,JFK,"China Airlines; Hawaiian Airlines",12/2018,73000
-73.779187801,40.6595610160001,267,JFK,Japan Air Lines,12/2018,101000
-73.7800941899999,40.655909245,268,JFK, ,12/2018,162000
-73.783331529,40.66110109,269,JFK,Federal Express,12/2018,279000
-73.787360975,40.662139853,270,JFK,Alaska Airlines,12/2018,130000
-73.794340225,40.663132192,271,JFK,DHL Airlines,12/2018,120000
-73.7957852329999,40.6625919430001,272,JFK, ,12/2018,142000
-73.795750497,40.658477109,273,JFK,LOT Polish Airlines,12/2018,77000
-73.795878532,40.6549522180001,274,JFK,United Parcel Service,12/2018,242000
-73.793559659,40.6554175890001,275,JFK, ,12/2018,36000
-73.799865325,40.6609767040001,276,JFK,All Nippon Airways,12/2018,231000
-73.8000850999999,40.658968836,277,JFK,Swiss World Airways,12/2018,104000
-73.8043016679999,40.6527739260001,278,JFK,"Korean Air Lines; Turkish Cargo",12/2018,199000
-73.800425737,40.652753724,279,JFK,Delta Air Lines,12/2018,163000
-73.801777016,40.649818313,280,JFK,"Cathay Pacific Airways; China Southern Airlines; El Al Israel Airlines; Royal Air Maroc",12/2018,218000
-73.8008602739999,40.6482636320001,281,JFK, ,12/2018,85000
-73.799198928,40.6484703020001,282,JFK, ,12/2018,58000
-73.8096540929999,40.651607303,283,JFK,"Airport Cargo Services; Atlas Air",12/2018,515000
-73.809559394,40.6584597730001,284,JFK, ,12/2018,128000
-95.344851325,29.9765507160001,285,IAH,Federal Express,12/2018,62000
-75.449750735,40.6441969700001,286,ABE,Federal Express,06/2018,35000
-106.624417879,35.0319300210001,287,ABQ,"Federal Express; United Parcel Service",06/2018,53000
-106.620484429,35.048165118,288,ABQ,Delta Air Lines,06/2018,41000
-106.607796569,35.0571497060001,289,ABQ,US Airways,06/2018,14000
-97.313432377,32.99479166,290,AFW,Federal Express,07/2018,219000
-97.312628578,32.993310278,291,AFW,Federal Express,07/2018,118000
-97.312064632,32.9922556340001,292,AFW,Federal Express,07/2018,66000
-97.3106789719999,32.9935179490001,293,AFW,Federal Express,07/2018,17000
-97.309907681,32.992162497,294,AFW, ,07/2018,36000
-97.306331568,32.997433276,295,AFW,Federal Express,07/2018,312000
-150.003073009,61.197907967,296,ANC,"Atlas Air; DHL Airlines",07/2018,47000
-150.001480823,61.1975058900001,297,ANC, ,07/2018,32000
-149.996255316,61.1960317790001,298,ANC,ACE,07/2018,27000
-149.999502956,61.1932372300001,299,ANC,United Parcel Service,07/2018,59000
-150.000334928,61.1930992010001,300,ANC,United Parcel Service,07/2018,32000
-149.996163715,61.190719206,301,ANC,Federal Express,07/2018,134000
-149.998201986,61.190328326,302,ANC,Federal Express,07/2018,66000
-149.997844308,61.1893360060001,303,ANC,Federal Express,07/2018,73000
-149.997322253,61.1886028820001,304,ANC,Federal Express,07/2018,18000
-149.995115813,61.1888652480001,305,ANC,Federal Express,07/2018,30000
-149.98631112,61.1843549970001,306,ANC,United States Postal Service,07/2018,271000
-149.965726873,61.1734870770001,307,ANC,Delta Air Lines,07/2018,28000
-149.96289684,61.1735663530001,308,ANC,Alaska Airlines,07/2018,77000
-149.959152956,61.1736768060001,309,ANC,Northern Air Cargo,07/2018,9000
-149.959697559,61.1736258340001,310,ANC, ,07/2018,14000
-149.95973716,61.1746137390001,311,ANC,"TGI Freight; WPX",07/2018,41000
-149.961585933,61.174584452,312,ANC, ,07/2018,12000
-149.962286201,61.17458578,313,ANC, ,07/2018,12000
-149.960781965,61.1753867740001,314,ANC,"Alaska Airlines; United Parcel Service",07/2018,7000
-149.961395568,61.1753882200001,315,ANC, ,07/2018,9000
-149.962210018,61.175387421,316,ANC, ,07/2018,12000
-149.959299035,61.17535022,317,ANC, ,07/2018,12000
-149.985126409,61.1626810990001,318,ANC,Lynden,07/2018,47000
-150.000158625,61.1953927260001,319,ANC,Everts,07/2018,22000
-84.430410122,33.627756533,320,ATL,"Alliance Ground International; Cargolux Airlines International S.A; Polar Air Cargo",07/2018,109000
-84.430408707,33.626203053,321,ATL,"Air New Zealand; Lufthansa German Airlines; US Airways",07/2018,106000
-84.426767013,33.626211255,322,ATL,"Cathay Pacific Airways; Qatar Airways",07/2018,106000
-84.404742971,33.6391191540001,323,ATL,United States Postal Service,07/2018,341000
-84.4109501889999,33.6399391520001,324,ATL,Delta Air Lines,07/2018,228000
-84.4148884589999,33.6393861450001,325,ATL,Kuehne + Nagel,07/2018,463000
-84.411137697,33.6384584310001,326,ATL,Delta Air Lines,07/2018,46000
-84.42183729,33.6524784210001,327,ATL,DHL Airlines,07/2018,25000
-84.4200222869999,33.6530641160001,328,ATL,United Parcel Service,07/2018,19000
-84.419674614,33.653801705,329,ATL,United Parcel Service,07/2018,44000
-84.414926013,33.6549113410001,330,ATL,Southwest Airlines,07/2018,421000
-84.409889951,33.6428109930001,331,ATL, ,07/2018,269000
-97.67063511,30.21458125,332,AUS,"Alaska Airlines; United Parcel Service",12/2018,70000
-97.672551353,30.2174988720001,333,AUS, ,12/2018,86000
-97.670712904,30.217254891,334,AUS,DHL Airlines,12/2018,49000
-97.6697288189999,30.2170457920001,335,AUS, ,12/2018,39000
-72.696699956,41.940393387,336,BDL,Federal Express,12/2018,48000
-72.6951554679999,41.9398124480001,337,BDL, ,12/2018,48000
-72.676253913,41.9370026,338,BDL, ,12/2018,55000
-72.675944557,41.938258336,339,BDL, ,12/2018,161000
-122.296473666,47.528463619,340,BFI,DB Schenker,12/2018,30000
-71.0249826799999,42.360148392,341,BOS,"Alaska Airlines; Swissport Cargo Services; United Air Lines",12/2018,49000
-71.0240756439999,42.35971031,342,BOS,"Lufthansa Cargo; Quantem Aviation",12/2018,47000
-71.0233204359999,42.3589431360001,343,BOS,"American Airlines; United Air Lines",12/2018,73000
-71.021764277,42.3582624100001,344,BOS,Federal Express,12/2018,69000
-71.020314662,42.3576250560001,345,BOS,Delta Air Lines,12/2018,60000
-71.02687,42.372065675,346,BOS,United Parcel Service,12/2018,26000
-76.6687271009999,39.186143846,347,BWI,Federal Express,12/2018,73000
-76.6698833299999,39.1873562150001,348,BWI,Southwest Airlines,12/2018,66000
-76.670876611,39.188491566,349,BWI,Delta Air Lines,12/2018,51000
-76.6682160399999,39.187952742,350,BWI,United Parcel Service,12/2018,70000
-81.844985774,41.403819791,351,CLE,Federal Express,12/2018,76000
-81.844597785,41.4012933180001,352,CLE,United States Postal Service,12/2018,125000
-81.843407869,41.3985211570001,353,CLE,"Delta Air Lines; Southwest Airlines; United Air Lines",12/2018,43000
-81.8423853209999,41.399554865,354,CLE, ,12/2018,67000
-80.942764644,35.210083679,355,CLT,Federal Express,12/2018,22000
-80.93828424,35.213185611,356,CLT, ,12/2018,41000
-80.937889951,35.2127366980001,357,CLT,Air General,12/2018,27000
-80.9380159519999,35.212235434,358,CLT,American Airlines,12/2018,24000
-80.93800161,35.2085668120001,359,CLT,United Parcel Service,12/2018,14000
-80.9379976399999,35.207843043,360,CLT,Jetstream Ground Services,12/2018,23000
-80.938448019,35.2072014980001,361,CLT,Global Aviation Services,12/2018,20000
-80.938385044,35.206256325,362,CLT, ,12/2018,21000
-80.9385202289999,35.2050403320001,363,CLT,DHL Airlines,12/2018,90000
-80.938318075,35.203522052,364,CLT, ,12/2018,35000
-80.9374064679999,35.2004957180001,365,CLT,Worldwide Flight Services,12/2018,72000
-84.665018403,39.0633026840001,366,CVG,"Matheson Flight Extenders; United States Postal Service",12/2018,58000
-84.664973805,39.0623867260001,367,CVG, ,12/2018,15000
-84.6548011679999,39.0311668210001,368,CVG,DHL Airlines,12/2018,646000
-104.666790908,39.8344999670001,369,DEN,"Alaska Airlines; British Airways",12/2018,52000
-104.666684084,39.8335263930001,370,DEN,"Delta Air Lines; Southwest Airlines",12/2018,73000
-104.670551838,39.8311990190001,371,DEN,United Air Lines,12/2018,86000
-104.672019333,39.831520063,372,DEN,"Lufthansa Cargo; United Air Lines",12/2018,61000
-104.674687094,39.8315941110001,373,DEN,Federal Express,12/2018,98000
-104.678618411,39.831603612,374,DEN,United Parcel Service,12/2018,74000
-104.68131318,39.83175614,375,DEN,DHL Airlines,12/2018,45000
-104.687151153,39.8318679550001,376,DEN,Matheson Flight Extenders,12/2018,64000
-97.059412932,32.895008724,377,DFW,"Cargolux Airlines International S.A; Cathay Pacific Airways",12/2018,52000
-97.06019359,32.8950140750001,378,DFW,"Eva Airways; Menzies Aviation",12/2018,64000
-97.06093469,32.898041118,379,DFW,"DHL Airlines; Korean Air Lines; Singapore Airlines",12/2018,96000
-97.059530582,32.898029981,380,DFW,Asiana Airlines,12/2018,85000
-97.060759455,32.8996814650001,381,DFW,"Air General; US Airways",12/2018,105000
-97.059445287,32.8996513930001,382,DFW,"Alaska Airlines; Lufthansa Cargo",12/2018,73000
-79.9219500359999,36.1169042000001,383,GSO,Federal Express,12/2018,308000
-79.925779671,36.1112758510001,384,GSO,DHL Airlines,12/2018,60000
-79.927547827,36.109895995,385,GSO,Delta Air Lines,12/2018,69000
-157.920136806,21.3134508860001,386,HNL,Federal Express,12/2018,29000
-157.915921655,21.3170593830001,387,HNL,Federal Express,12/2018,64000
-157.915567244,21.3175269330001,388,HNL, ,12/2018,38000
-157.914565961,21.3175480410001,389,HNL,Alaska Airlines,12/2018,42000
-157.913712692,21.318342554,390,HNL,United Parcel Service,12/2018,30000
-157.911084946,21.3324750530001,391,HNL,"American Airlines; Delta Air Lines",12/2018,20000
-86.761687331,34.6424478270001,392,HSV, ,12/2018,130000
-86.7610907549999,34.639390231,393,HSV,Panalpina,12/2018,189000
-77.4530170739999,38.963926778,394,IAD,"American Airlines; Lufthansa Cargo",12/2018,116000
-77.453159133,38.96150233,395,IAD,United Air Lines,12/2018,58000
-77.4531737189999,38.960615837,396,IAD,"Southwest Airlines; Worldwide Flight Services",12/2018,84000
-77.453180566,38.9594307990001,397,IAD,Federal Express,12/2018,123000
-77.453633522,38.9543442080001,398,IAD,United Parcel Service,12/2018,64000
-95.311695222,30.001721821,399,IAH,AirLogistix USA,12/2018,57000
-95.3111808959999,29.9967998070001,400,IAH,"British Airways; Swissport Cargo Services",12/2018,88000
-95.309950946,29.9967895550001,401,IAH,"Air General; American Airlines; Dachser",12/2018,70000
-95.310689428,29.995285467,402,IAH,"Cargo Airport Services Texas; Cargolux Airlines International S.A",12/2018,149000
-95.3105596939999,29.9921319420001,403,IAH,Singapore Airlines,12/2018,149000
-95.3451630659999,29.9794480690001,404,IAH,United Air Lines,12/2018,110000
